id;start_date;end_date;language
1;2021-05-21T00:33:14;2021-05-20T22:23:29;SPANISH
2;2021-05-20T10:00:49;2021-05-20T19:26:18;ENGLISH
3;2021-05-20T19:57:01;2021-05-20T08:02:09;CHINESE
4;2021-05-21T00:27:50;2021-05-20T05:54:09;FRENCH
5;2021-05-21T02:44:13;2021-05-20T11:03:11;ENGLISH
6;2021-05-20T12:14:56;2021-05-21T02:15:16;CHINESE
7;2021-05-20T20:18:44;2021-05-20T06:52:53;ENGLISH
8;2021-05-20T10:44:37;2021-05-20T07:20:26;FRENCH
9;2021-05-20T11:36:15;2021-05-20T23:07:41;ENGLISH
10;2021-05-20T07:33:13;2021-05-21T00:30:42;FRENCH
